{"cameraMode":{"drawMode":0,"name":"Shaded","section":"Shading Mode"},"sceneLighting":false,"audioPlay":false,"sceneViewState":{"showFog":true,"showMaterialUpdate":false,"showSkybox":false,"showFlares":true,"showImageEffects":true,"showParticleSystems":true},"in2DMode":false,"pivot":{"x":5.460000038146973,"y":2.0,"z":6.730000019073486},"rotation":{"x":0.29063671827316286,"y":0.3712373673915863,"z":-0.12356635928153992,"w":0.8731961250305176},"size":2.1213202476501467,"orthographic":false}