{"cameraMode":{"drawMode":0,"name":"Shaded","section":"Shading Mode"},"sceneLighting":true,"audioPlay":false,"sceneViewState":{"showFog":true,"showMaterialUpdate":false,"showSkybox":true,"showFlares":true,"showImageEffects":true,"showParticleSystems":true},"in2DMode":false,"pivot":{"x":592.0693359375,"y":183.16372680664063,"z":-503.7580261230469},"rotation":{"x":0.030253484845161439,"y":0.05874926969408989,"z":-0.0017802943475544453,"w":0.9978141784667969},"size":85.33261108398438,"orthographic":false}